CREATE DATABASE Geol

CREATE SCHEMA geoschemat

CREATE TABLE geoschemat.eon(Id_eon VARCHAR(4) PRIMARY KEY,Nazwa_eon VARCHAR(15))
CREATE TABLE geoschemat.era(Id_era VARCHAR(4) PRIMARY KEY,Id_eon VARCHAR(4) FOREIGN KEY REFERENCES geoschemat.eon ,Nazwa_era VARCHAR(15))
CREATE TABLE geoschemat.okres(Id_okres VARCHAR(5) PRIMARY KEY,Id_era VARCHAR(4) FOREIGN KEY REFERENCES geoschemat.era,Nazwa_okres VARCHAR(15))
CREATE TABLE geoschemat.epoka(Id_epoka VARCHAR(4) PRIMARY KEY,Id_okres VARCHAR(5) FOREIGN KEY REFERENCES geoschemat.okres ,Nazwa_epoka VARCHAR(20))
CREATE TABLE geoschemat.pietro(Id_pietro integer PRIMARY KEY,Id_epoka VARCHAR(4) FOREIGN KEY REFERENCES geoschemat.epoka ,Nazwa_pietro VARCHAR(20))

INSERT INTO geoschemat.eon VALUES('1eon','Fanerozoik')

INSERT INTO geoschemat.era VALUES('1era','1eon','Kenozoik')
INSERT INTO geoschemat.era VALUES('2era','1eon','Mezozoik')
INSERT INTO geoschemat.era VALUES('3era','1eon','Paleozoik')

INSERT INTO geoschemat.okres VALUES('1okr','1era','Czwartorzêd')
INSERT INTO geoschemat.okres VALUES('2okr','1era','Neogen')
INSERT INTO geoschemat.okres VALUES('3okr','1era','Paleogen')
INSERT INTO geoschemat.okres VALUES('4okr','1era','Kreda')
INSERT INTO geoschemat.okres VALUES('5okr','1era','Jura')
INSERT INTO geoschemat.okres VALUES('6okr','1era','Trias')
INSERT INTO geoschemat.okres VALUES('7okr','2era','Perm')
INSERT INTO geoschemat.okres VALUES('8okr','2era','Karbon')
INSERT INTO geoschemat.okres VALUES('9okr','2era','Dewon')
INSERT INTO geoschemat.okres VALUES('10okr','3era','Sylur')
INSERT INTO geoschemat.okres VALUES('11okr','3era','Ordowik')
INSERT INTO geoschemat.okres VALUES('12okr','3era','Kambr')

INSERT INTO geoschemat.epoka VALUES('1ep','1okr','Holocen')
INSERT INTO geoschemat.epoka VALUES('2ep','1okr','Plejstocen')
INSERT INTO geoschemat.epoka VALUES('3ep','2okr','Pliocen')
INSERT INTO geoschemat.epoka VALUES('4ep','2okr','Miocen')
INSERT INTO geoschemat.epoka VALUES('5ep','3okr','Oligocen')
INSERT INTO geoschemat.epoka VALUES('6ep','3okr','Eocen ')
INSERT INTO geoschemat.epoka VALUES('7ep','3okr','Paleocen')
INSERT INTO geoschemat.epoka VALUES('8ep','4okr','PóŸna kreda')
INSERT INTO geoschemat.epoka VALUES('9ep','4okr','Wczesna kreda')
INSERT INTO geoschemat.epoka VALUES('10ep','5okr','Jura póŸna')
INSERT INTO geoschemat.epoka VALUES('11ep','5okr','Jura œrodkowa')
INSERT INTO geoschemat.epoka VALUES('12ep','5okr','Jura wczesna')
INSERT INTO geoschemat.epoka VALUES('13ep','6okr','PóŸny trias')
INSERT INTO geoschemat.epoka VALUES('14ep','6okr','Œrodkowy trias')
INSERT INTO geoschemat.epoka VALUES('15ep','6okr','Wczesny trias')
INSERT INTO geoschemat.epoka VALUES('16ep','7okr','Loping')
INSERT INTO geoschemat.epoka VALUES('17ep','7okr','Gwadalup')
INSERT INTO geoschemat.epoka VALUES('18ep','7okr','Cisural')
INSERT INTO geoschemat.epoka VALUES('19ep','8okr','Pensylwan')
INSERT INTO geoschemat.epoka VALUES('20ep','8okr','Missisip')
INSERT INTO geoschemat.epoka VALUES('21ep','8okr','PóŸny dewon')
INSERT INTO geoschemat.epoka VALUES('22ep','8okr','Œrodkowy dewon')
INSERT INTO geoschemat.epoka VALUES('23ep','8okr','Wczesny dewon')
INSERT INTO geoschemat.epoka VALUES('24ep','10okr','Przydol')
INSERT INTO geoschemat.epoka VALUES('25ep','10okr','Ludlow')
INSERT INTO geoschemat.epoka VALUES('26ep','10okr','Wenlok')
INSERT INTO geoschemat.epoka VALUES('27ep','10okr','Landower')
INSERT INTO geoschemat.epoka VALUES('28ep','11okr','Ordowik póŸny')
INSERT INTO geoschemat.epoka VALUES('29ep','11okr','Ordowik œrodkowy')
INSERT INTO geoschemat.epoka VALUES('30ep','11okr','Ordowik wczesny')
INSERT INTO geoschemat.epoka VALUES('31ep','12okr','Furong')
INSERT INTO geoschemat.epoka VALUES('32ep','12okr','Miaoling')
INSERT INTO geoschemat.epoka VALUES('33ep','12okr','Oddzia³ 2')
INSERT INTO geoschemat.epoka VALUES('34ep','12okr','Terenew')

INSERT INTO geoschemat.pietro VALUES(1,'1ep','Megalaj')
INSERT INTO geoschemat.pietro VALUES(2,'1ep','Northgrip')
INSERT INTO geoschemat.pietro VALUES(3,'1ep','Grenland')
INSERT INTO geoschemat.pietro VALUES(4,'2ep','PóŸny')
INSERT INTO geoschemat.pietro VALUES(5,'2ep','Chiban')
INSERT INTO geoschemat.pietro VALUES(6,'2ep','Kalabr')
INSERT INTO geoschemat.pietro VALUES(7,'2ep','Gelas')
INSERT INTO geoschemat.pietro VALUES(8,'3ep','Piacent')
INSERT INTO geoschemat.pietro VALUES(9,'3ep','Zankl')
INSERT INTO geoschemat.pietro VALUES(10,'4ep','Messyn')
INSERT INTO geoschemat.pietro VALUES(11,'4ep','Torton')
INSERT INTO geoschemat.pietro VALUES(12,'4ep','Serrawal')
INSERT INTO geoschemat.pietro VALUES(13,'4ep','Lang')
INSERT INTO geoschemat.pietro VALUES(14,'4ep','Burdyga³')
INSERT INTO geoschemat.pietro VALUES(15,'4ep','Akwitan')
INSERT INTO geoschemat.pietro VALUES(16,'5ep','Szat')
INSERT INTO geoschemat.pietro VALUES(17,'5ep','Rupel')
INSERT INTO geoschemat.pietro VALUES(18,'6ep','Priabon')
INSERT INTO geoschemat.pietro VALUES(19,'6ep','Barton')
INSERT INTO geoschemat.pietro VALUES(20,'6ep','Lutet')
INSERT INTO geoschemat.pietro VALUES(21,'6ep','Iprez')
INSERT INTO geoschemat.pietro VALUES(22,'7ep','Tanet')
INSERT INTO geoschemat.pietro VALUES(23,'7ep','Zeland')
INSERT INTO geoschemat.pietro VALUES(24,'7ep','Dan')
INSERT INTO geoschemat.pietro VALUES(25,'8ep','Mastrycht')
INSERT INTO geoschemat.pietro VALUES(26,'8ep','Kampan')
INSERT INTO geoschemat.pietro VALUES(27,'8ep','Santon')
INSERT INTO geoschemat.pietro VALUES(28,'8ep','Koniak')
INSERT INTO geoschemat.pietro VALUES(29,'8ep','Turon')
INSERT INTO geoschemat.pietro VALUES(30,'8ep','Cenoman')
INSERT INTO geoschemat.pietro VALUES(31,'9ep','Alb')
INSERT INTO geoschemat.pietro VALUES(32,'9ep','Apt')
INSERT INTO geoschemat.pietro VALUES(33,'9ep','Barrem')
INSERT INTO geoschemat.pietro VALUES(34,'9ep','Hoteryw')
INSERT INTO geoschemat.pietro VALUES(35,'9ep','Walan¿yn')
INSERT INTO geoschemat.pietro VALUES(36,'9ep','Berrias')
INSERT INTO geoschemat.pietro VALUES(37,'10ep','Tyton')
INSERT INTO geoschemat.pietro VALUES(38,'10ep','Kimeryd')
INSERT INTO geoschemat.pietro VALUES(39,'10ep','Oksford')
INSERT INTO geoschemat.pietro VALUES(40,'11ep','Kelowej')
INSERT INTO geoschemat.pietro VALUES(41,'11ep','Baton')
INSERT INTO geoschemat.pietro VALUES(42,'11ep','Bajos')
INSERT INTO geoschemat.pietro VALUES(43,'11ep','Aalen')
INSERT INTO geoschemat.pietro VALUES(44,'12ep','Toark')
INSERT INTO geoschemat.pietro VALUES(45,'12ep','Pliensbach')
INSERT INTO geoschemat.pietro VALUES(46,'12ep','Synemur')
INSERT INTO geoschemat.pietro VALUES(47,'12ep','Hettang')
INSERT INTO geoschemat.pietro VALUES(48,'13ep','Retyk')
INSERT INTO geoschemat.pietro VALUES(49,'13ep','Noryk')
INSERT INTO geoschemat.pietro VALUES(50,'13ep','Karnik')
INSERT INTO geoschemat.pietro VALUES(51,'14ep','Ladyn')
INSERT INTO geoschemat.pietro VALUES(52,'14ep','Anizyk')
INSERT INTO geoschemat.pietro VALUES(53,'15ep','Olenek')
INSERT INTO geoschemat.pietro VALUES(54,'15ep','Ind')
INSERT INTO geoschemat.pietro VALUES(55,'16ep','Czangsing')
INSERT INTO geoschemat.pietro VALUES(56,'16ep','Wucziaping')
INSERT INTO geoschemat.pietro VALUES(57,'17ep','Kapitan')
INSERT INTO geoschemat.pietro VALUES(58,'17ep','Word')
INSERT INTO geoschemat.pietro VALUES(59,'17ep','Road')
INSERT INTO geoschemat.pietro VALUES(60,'18ep','Kungur')
INSERT INTO geoschemat.pietro VALUES(61,'18ep','Artinsk')
INSERT INTO geoschemat.pietro VALUES(62,'18ep','Sakmar')
INSERT INTO geoschemat.pietro VALUES(63,'18ep','Assel')
INSERT INTO geoschemat.pietro VALUES(64,'19ep','G¿el')
INSERT INTO geoschemat.pietro VALUES(65,'19ep','Kasimow')
INSERT INTO geoschemat.pietro VALUES(66,'19ep','Moskow')
INSERT INTO geoschemat.pietro VALUES(67,'19ep','Baszkir')
INSERT INTO geoschemat.pietro VALUES(68,'20ep','Serpuchow')
INSERT INTO geoschemat.pietro VALUES(69,'20ep','Wizen')
INSERT INTO geoschemat.pietro VALUES(70,'20ep','Turnej')
INSERT INTO geoschemat.pietro VALUES(71,'21ep','Famen')
INSERT INTO geoschemat.pietro VALUES(72,'21ep','Fran')
INSERT INTO geoschemat.pietro VALUES(73,'22ep','¯ywet')
INSERT INTO geoschemat.pietro VALUES(74,'22ep','Eifel')
INSERT INTO geoschemat.pietro VALUES(75,'23ep','Ems')
INSERT INTO geoschemat.pietro VALUES(76,'23ep','Prag')
INSERT INTO geoschemat.pietro VALUES(77,'23ep','Lochkow')
INSERT INTO geoschemat.pietro VALUES(78,'24ep','NULL')
INSERT INTO geoschemat.pietro VALUES(79,'25ep','Ludford')
INSERT INTO geoschemat.pietro VALUES(80,'25ep','Gorst')
INSERT INTO geoschemat.pietro VALUES(81,'26ep','Homer')
INSERT INTO geoschemat.pietro VALUES(82,'26ep','Szejnwud')
INSERT INTO geoschemat.pietro VALUES(83,'27ep','Telicz')
INSERT INTO geoschemat.pietro VALUES(84,'27ep','Aeron')
INSERT INTO geoschemat.pietro VALUES(85,'27ep','Ruddan')
INSERT INTO geoschemat.pietro VALUES(86,'28ep','Hirnant')
INSERT INTO geoschemat.pietro VALUES(87,'28ep','Kat')
INSERT INTO geoschemat.pietro VALUES(88,'28ep','Sandb')
INSERT INTO geoschemat.pietro VALUES(89,'29ep','Darriwil')
INSERT INTO geoschemat.pietro VALUES(90,'29ep','Daping')
INSERT INTO geoschemat.pietro VALUES(91,'30ep','Flo')
INSERT INTO geoschemat.pietro VALUES(92,'30ep','Tremadok')
INSERT INTO geoschemat.pietro VALUES(93,'31ep','Piêtro 10')
INSERT INTO geoschemat.pietro VALUES(94,'31ep','Dziangszan')
INSERT INTO geoschemat.pietro VALUES(95,'31ep','Paib')
INSERT INTO geoschemat.pietro VALUES(96,'32ep','Gu¿ang')
INSERT INTO geoschemat.pietro VALUES(97,'32ep','Drum')
INSERT INTO geoschemat.pietro VALUES(98,'32ep','Wuliuan')
INSERT INTO geoschemat.pietro VALUES(99,'33ep','Piêtro 4')
INSERT INTO geoschemat.pietro VALUES(100,'33ep','Pietro 3')
INSERT INTO geoschemat.pietro VALUES(101,'34ep','Piêtro 2')
INSERT INTO geoschemat.pietro VALUES(102,'34ep','Fortun')
